SET IDENTITY_INSERT [dbo].[Locations] ON 

INSERT [dbo].[Locations] ([LocationId], [InstituteName], [FloorNum]) VALUES (1, N'A12', 1)
SET IDENTITY_INSERT [dbo].[Locations] OFF
SET IDENTITY_INSERT [dbo].[Maps] ON 

INSERT [dbo].[Maps] ([MapId], [Name], [ImagePath], [X], [Y]) VALUES (1, N'A12_1f', N'~/Content/Images/A12_1f.jpg', 1959, 1079)
SET IDENTITY_INSERT [dbo].[Maps] OFF
SET IDENTITY_INSERT [dbo].[Points] ON 

INSERT [dbo].[Points] ([PointId], [Name], [PositionTop], [PositionLeft], [ParentId], [IsVisited], [Distance], [LocationId], [MapId], [Parent_PointId]) VALUES (1, N'Sala seminaryjna', 184, 316, NULL, 0, 2147483647, 1, 1, NULL)
INSERT [dbo].[Points] ([PointId], [Name], [PositionTop], [PositionLeft], [ParentId], [IsVisited], [Distance], [LocationId], [MapId], [Parent_PointId]) VALUES (2, N'Labolatorium', 184, 396, NULL, 0, 2147483647, 1, 1, NULL)
INSERT [dbo].[Points] ([PointId], [Name], [PositionTop], [PositionLeft], [ParentId], [IsVisited], [Distance], [LocationId], [MapId], [Parent_PointId]) VALUES (3, N'--', 184, 712, NULL, 0, 2147483647, 1, 1, NULL)
INSERT [dbo].[Points] ([PointId], [Name], [PositionTop], [PositionLeft], [ParentId], [IsVisited], [Distance], [LocationId], [MapId], [Parent_PointId]) VALUES (4, N'106', 184, 946, NULL, 0, 2147483647, 1, 1, NULL)
INSERT [dbo].[Points] ([PointId], [Name], [PositionTop], [PositionLeft], [ParentId], [IsVisited], [Distance], [LocationId], [MapId], [Parent_PointId]) VALUES (5, N'--', 184, 1200, NULL, 0, 2147483647, 1, 1, NULL)
INSERT [dbo].[Points] ([PointId], [Name], [PositionTop], [PositionLeft], [ParentId], [IsVisited], [Distance], [LocationId], [MapId], [Parent_PointId]) VALUES (6, N'--', 184, 1429, NULL, 0, 2147483647, 1, 1, NULL)
INSERT [dbo].[Points] ([PointId], [Name], [PositionTop], [PositionLeft], [ParentId], [IsVisited], [Distance], [LocationId], [MapId], [Parent_PointId]) VALUES (7, N'Magazyn', 292, 712, NULL, 0, 2147483647, 1, 1, NULL)
INSERT [dbo].[Points] ([PointId], [Name], [PositionTop], [PositionLeft], [ParentId], [IsVisited], [Distance], [LocationId], [MapId], [Parent_PointId]) VALUES (8, N'102', 345, 712, NULL, 0, 2147483647, 1, 1, NULL)
INSERT [dbo].[Points] ([PointId], [Name], [PositionTop], [PositionLeft], [ParentId], [IsVisited], [Distance], [LocationId], [MapId], [Parent_PointId]) VALUES (9, N'105', 499, 712, NULL, 0, 2147483647, 1, 1, NULL)
INSERT [dbo].[Points] ([PointId], [Name], [PositionTop], [PositionLeft], [ParentId], [IsVisited], [Distance], [LocationId], [MapId], [Parent_PointId]) VALUES (10, N'103', 700, 712, NULL, 0, 2147483647, 1, 1, NULL)
INSERT [dbo].[Points] ([PointId], [Name], [PositionTop], [PositionLeft], [ParentId], [IsVisited], [Distance], [LocationId], [MapId], [Parent_PointId]) VALUES (11, N'104', 742, 712, NULL, 0, 2147483647, 1, 1, NULL)
INSERT [dbo].[Points] ([PointId], [Name], [PositionTop], [PositionLeft], [ParentId], [IsVisited], [Distance], [LocationId], [MapId], [Parent_PointId]) VALUES (12, N'--', 834, 712, NULL, 0, 2147483647, 1, 1, NULL)
INSERT [dbo].[Points] ([PointId], [Name], [PositionTop], [PositionLeft], [ParentId], [IsVisited], [Distance], [LocationId], [MapId], [Parent_PointId]) VALUES (13, N'WSE', 834, 1429, NULL, 0, 2147483647, 1, 1, NULL)
INSERT [dbo].[Points] ([PointId], [Name], [PositionTop], [PositionLeft], [ParentId], [IsVisited], [Distance], [LocationId], [MapId], [Parent_PointId]) VALUES (14, N'109', 742, 1429, NULL, 0, 2147483647, 1, 1, NULL)
INSERT [dbo].[Points] ([PointId], [Name], [PositionTop], [PositionLeft], [ParentId], [IsVisited], [Distance], [LocationId], [MapId], [Parent_PointId]) VALUES (15, N'108', 701, 1429, NULL, 0, 2147483647, 1, 1, NULL)
INSERT [dbo].[Points] ([PointId], [Name], [PositionTop], [PositionLeft], [ParentId], [IsVisited], [Distance], [LocationId], [MapId], [Parent_PointId]) VALUES (16, N'110', 502, 1429, NULL, 0, 2147483647, 1, 1, NULL)
INSERT [dbo].[Points] ([PointId], [Name], [PositionTop], [PositionLeft], [ParentId], [IsVisited], [Distance], [LocationId], [MapId], [Parent_PointId]) VALUES (17, N'107', 348, 1429, NULL, 0, 2147483647, 1, 1, NULL)
INSERT [dbo].[Points] ([PointId], [Name], [PositionTop], [PositionLeft], [ParentId], [IsVisited], [Distance], [LocationId], [MapId], [Parent_PointId]) VALUES (18, N'A12_Wejście', 834, 205, NULL, 0, 2147483647, 1, 1, NULL)
SET IDENTITY_INSERT [dbo].[Points] OFF
SET IDENTITY_INSERT [dbo].[AdjecentPoints] ON 

INSERT [dbo].[AdjecentPoints] ([AdjecentPointId], [RootPointId], [NextPointId], [Point_PointId], [NextPoint_PointId], [RootPoint_PointId]) VALUES (1, 1, 2, NULL, NULL, NULL)
INSERT [dbo].[AdjecentPoints] ([AdjecentPointId], [RootPointId], [NextPointId], [Point_PointId], [NextPoint_PointId], [RootPoint_PointId]) VALUES (2, 2, 1, NULL, NULL, NULL)
INSERT [dbo].[AdjecentPoints] ([AdjecentPointId], [RootPointId], [NextPointId], [Point_PointId], [NextPoint_PointId], [RootPoint_PointId]) VALUES (3, 2, 3, NULL, NULL, NULL)
INSERT [dbo].[AdjecentPoints] ([AdjecentPointId], [RootPointId], [NextPointId], [Point_PointId], [NextPoint_PointId], [RootPoint_PointId]) VALUES (4, 3, 2, NULL, NULL, NULL)
INSERT [dbo].[AdjecentPoints] ([AdjecentPointId], [RootPointId], [NextPointId], [Point_PointId], [NextPoint_PointId], [RootPoint_PointId]) VALUES (5, 3, 4, NULL, NULL, NULL)
INSERT [dbo].[AdjecentPoints] ([AdjecentPointId], [RootPointId], [NextPointId], [Point_PointId], [NextPoint_PointId], [RootPoint_PointId]) VALUES (6, 3, 7, NULL, NULL, NULL)
INSERT [dbo].[AdjecentPoints] ([AdjecentPointId], [RootPointId], [NextPointId], [Point_PointId], [NextPoint_PointId], [RootPoint_PointId]) VALUES (7, 4, 3, NULL, NULL, NULL)
INSERT [dbo].[AdjecentPoints] ([AdjecentPointId], [RootPointId], [NextPointId], [Point_PointId], [NextPoint_PointId], [RootPoint_PointId]) VALUES (8, 4, 5, NULL, NULL, NULL)
INSERT [dbo].[AdjecentPoints] ([AdjecentPointId], [RootPointId], [NextPointId], [Point_PointId], [NextPoint_PointId], [RootPoint_PointId]) VALUES (9, 5, 4, NULL, NULL, NULL)
INSERT [dbo].[AdjecentPoints] ([AdjecentPointId], [RootPointId], [NextPointId], [Point_PointId], [NextPoint_PointId], [RootPoint_PointId]) VALUES (10, 5, 6, NULL, NULL, NULL)
INSERT [dbo].[AdjecentPoints] ([AdjecentPointId], [RootPointId], [NextPointId], [Point_PointId], [NextPoint_PointId], [RootPoint_PointId]) VALUES (11, 6, 5, NULL, NULL, NULL)
INSERT [dbo].[AdjecentPoints] ([AdjecentPointId], [RootPointId], [NextPointId], [Point_PointId], [NextPoint_PointId], [RootPoint_PointId]) VALUES (12, 6, 17, NULL, NULL, NULL)
INSERT [dbo].[AdjecentPoints] ([AdjecentPointId], [RootPointId], [NextPointId], [Point_PointId], [NextPoint_PointId], [RootPoint_PointId]) VALUES (13, 7, 8, NULL, NULL, NULL)
INSERT [dbo].[AdjecentPoints] ([AdjecentPointId], [RootPointId], [NextPointId], [Point_PointId], [NextPoint_PointId], [RootPoint_PointId]) VALUES (14, 7, 3, NULL, NULL, NULL)
INSERT [dbo].[AdjecentPoints] ([AdjecentPointId], [RootPointId], [NextPointId], [Point_PointId], [NextPoint_PointId], [RootPoint_PointId]) VALUES (15, 8, 7, NULL, NULL, NULL)
INSERT [dbo].[AdjecentPoints] ([AdjecentPointId], [RootPointId], [NextPointId], [Point_PointId], [NextPoint_PointId], [RootPoint_PointId]) VALUES (16, 8, 9, NULL, NULL, NULL)
INSERT [dbo].[AdjecentPoints] ([AdjecentPointId], [RootPointId], [NextPointId], [Point_PointId], [NextPoint_PointId], [RootPoint_PointId]) VALUES (17, 9, 8, NULL, NULL, NULL)
INSERT [dbo].[AdjecentPoints] ([AdjecentPointId], [RootPointId], [NextPointId], [Point_PointId], [NextPoint_PointId], [RootPoint_PointId]) VALUES (18, 9, 10, NULL, NULL, NULL)
INSERT [dbo].[AdjecentPoints] ([AdjecentPointId], [RootPointId], [NextPointId], [Point_PointId], [NextPoint_PointId], [RootPoint_PointId]) VALUES (19, 10, 9, NULL, NULL, NULL)
INSERT [dbo].[AdjecentPoints] ([AdjecentPointId], [RootPointId], [NextPointId], [Point_PointId], [NextPoint_PointId], [RootPoint_PointId]) VALUES (20, 10, 11, NULL, NULL, NULL)
INSERT [dbo].[AdjecentPoints] ([AdjecentPointId], [RootPointId], [NextPointId], [Point_PointId], [NextPoint_PointId], [RootPoint_PointId]) VALUES (21, 11, 10, NULL, NULL, NULL)
INSERT [dbo].[AdjecentPoints] ([AdjecentPointId], [RootPointId], [NextPointId], [Point_PointId], [NextPoint_PointId], [RootPoint_PointId]) VALUES (22, 11, 12, NULL, NULL, NULL)
INSERT [dbo].[AdjecentPoints] ([AdjecentPointId], [RootPointId], [NextPointId], [Point_PointId], [NextPoint_PointId], [RootPoint_PointId]) VALUES (23, 12, 11, NULL, NULL, NULL)
INSERT [dbo].[AdjecentPoints] ([AdjecentPointId], [RootPointId], [NextPointId], [Point_PointId], [NextPoint_PointId], [RootPoint_PointId]) VALUES (24, 12, 13, NULL, NULL, NULL)
INSERT [dbo].[AdjecentPoints] ([AdjecentPointId], [RootPointId], [NextPointId], [Point_PointId], [NextPoint_PointId], [RootPoint_PointId]) VALUES (25, 13, 12, NULL, NULL, NULL)
INSERT [dbo].[AdjecentPoints] ([AdjecentPointId], [RootPointId], [NextPointId], [Point_PointId], [NextPoint_PointId], [RootPoint_PointId]) VALUES (26, 13, 14, NULL, NULL, NULL)
INSERT [dbo].[AdjecentPoints] ([AdjecentPointId], [RootPointId], [NextPointId], [Point_PointId], [NextPoint_PointId], [RootPoint_PointId]) VALUES (27, 14, 13, NULL, NULL, NULL)
INSERT [dbo].[AdjecentPoints] ([AdjecentPointId], [RootPointId], [NextPointId], [Point_PointId], [NextPoint_PointId], [RootPoint_PointId]) VALUES (28, 14, 15, NULL, NULL, NULL)
INSERT [dbo].[AdjecentPoints] ([AdjecentPointId], [RootPointId], [NextPointId], [Point_PointId], [NextPoint_PointId], [RootPoint_PointId]) VALUES (29, 15, 14, NULL, NULL, NULL)
INSERT [dbo].[AdjecentPoints] ([AdjecentPointId], [RootPointId], [NextPointId], [Point_PointId], [NextPoint_PointId], [RootPoint_PointId]) VALUES (30, 15, 16, NULL, NULL, NULL)
INSERT [dbo].[AdjecentPoints] ([AdjecentPointId], [RootPointId], [NextPointId], [Point_PointId], [NextPoint_PointId], [RootPoint_PointId]) VALUES (31, 16, 15, NULL, NULL, NULL)
INSERT [dbo].[AdjecentPoints] ([AdjecentPointId], [RootPointId], [NextPointId], [Point_PointId], [NextPoint_PointId], [RootPoint_PointId]) VALUES (32, 16, 17, NULL, NULL, NULL)
INSERT [dbo].[AdjecentPoints] ([AdjecentPointId], [RootPointId], [NextPointId], [Point_PointId], [NextPoint_PointId], [RootPoint_PointId]) VALUES (33, 17, 6, NULL, NULL, NULL)
INSERT [dbo].[AdjecentPoints] ([AdjecentPointId], [RootPointId], [NextPointId], [Point_PointId], [NextPoint_PointId], [RootPoint_PointId]) VALUES (34, 17, 16, NULL, NULL, NULL)
INSERT [dbo].[AdjecentPoints] ([AdjecentPointId], [RootPointId], [NextPointId], [Point_PointId], [NextPoint_PointId], [RootPoint_PointId]) VALUES (35, 18, 12, NULL, NULL, NULL)
INSERT [dbo].[AdjecentPoints] ([AdjecentPointId], [RootPointId], [NextPointId], [Point_PointId], [NextPoint_PointId], [RootPoint_PointId]) VALUES (36, 12, 18, NULL, NULL, NULL)
SET IDENTITY_INSERT [dbo].[AdjecentPoints] OFF
INSERT [dbo].[__MigrationHistory] ([MigrationId], [ContextKey], [Model], [ProductVersion]) VALUES (N'201706271638525_Initial', N'WEEIAMap.Migrations.Configuration', 0x1F8B0800000000000400ED5CDD6EE3B815BE2FD0771074D516593BC9DC74037B17594F52189D49823833ED5DC048B4A356225D910A12147DB25EEC23F5154A4996C45F8994643B0116030C12FE7C3C3C3F3C47873CF9DF7F7F9DFDFC9AC4DE0B4C4984D1DC3F9B9CFA1E44010E23B499FB195DFFF067FFE79F7EFFBBD95598BC7ADFAB719FF2716C262273FF99D2EDC5744A826798003249A220C504AFE924C0C91484787A7E7AFAE3F4EC6C0A1984CFB03C6F769F211A25B0F885FDBAC028805B9A81F82B0E614C76EDAC6755A07A372081640B0238F7FF7675B5BCFC0AB69372A8EF5DC6116064AC60BCF63D8010A68032222FBE11B8A229469BD5963580F8E16D0BD9B8358809DC117FD10CB7DDC7E979BE8F6933B1820A324271E20878F669C798A93CBD177BFD9A718C75578CC5F42DDF75C1BEB97F19FE030610D13B1C21EA7BF28A178B38CD472B2C9E08134FBCAAFBA4D607A636F9BF136F91C5344BE11CC18CA6203EF1EEB2A7380AFE0ADF1EF03F219AA32C8E79221999AC4F68604D7729DEC294BEDDC3B58EF465E87B5311642AA3D418268072A74B443F9DFBDE0D230B3CC5B0D60E8E2B2B8A53F81788600A280CEF00A53065C25D86B0E0AF428AB4F03DC6B68BB603DDC0D79E4037E025DA149B3141FADE3D8C8B11E439DA96B6244AFD911B7B9DE2E41EC732579B218F2B9CA50123E401B78F7B00E906527B826B665A10CC8D35115C0FE920B819A72378366D2CADD5FE9CEDEE78F6D6DBCE0E6E5FF9FFD56AECB8676ECBF7BE82D72F106DE8F3DC673F32F947AF30AC5A76147C4311F3726C124DB34EDBBBC324CA897DC0DB61465C017D816B3A1009A450C3E9F6494BF23D6204C07AD62F98A93B40CEAB7F8E08052880C3F6F00507850E0C3D1A996D8C77280AA64FB4074D7916C8039B5346D7AF1C31DA41AE0762C5412D9955E7A34AA1D455AF5B1127F757C4DBD2C524A22589B56BA8695A1542B82E571A4A0B6911603540165CD96E10D8AE73902368A466EF0BAA39477107BCA1BA7A047B231FCF292C1161C3320A0FE21DAE638CD39B2C19EB046A39791C4C5A565F93C9F7D2E0C2BEED95B7D0D623E8EDCE31B8AAAC953FF96021CC32011BC8487B1E7FA53E8ADCE90864F5D5F8081BCDBD24040751B13A4F94ECBCC50D5DA1D0B3F1E4251F6B87C278C9F438DA32CD6594CCFDD3C9E44C61560776EDFF1A6CE9B35D5CE34F321BB80DB7F3413E4A4C641ACF9586C2C69F89C49DF9B289DEA2CF3086147A974199235900128050D52926CED096220DCF6C7895A7A1E01AE6EE3C02F182A9273B7BD834F5588950106D41DCCE10699AA31FCDB75C2F24F77C865B88F2C3A49D01C329A8179284D1C52707B5E30CDF245FDD29D088B6703D07D1335D587A1815533960235BADB773522C75C783D63D803A09917CFB492B87F5CEA23400DAEA86EA0E1CF6694AC69928ECCCCCF5F32F566B1C81214DB2CF8E584DE66F7486A859C3111952463BCC7A28B31D9856691940C11320306F67E2D084E8DF586719A5935D34276F26C75D416AC8863451969E590A6F4438238CDDF4CA7BE9109A20A403841D57BAF9855F91A672CC97F6A0647FB8A16D5922F98CB40C35EB3D342C548E5BCBC8928392F720FB4671FB16AC513E4F55AEB4869D568127B7014E1F5AD8618A173B99DA8303FC778DBA7953F0D315FE709496DADBB25B4DD4B28F8D8A293493F6EB1C73B76BEEA3ED9233DEC7968D1762EAEEADDCB593C3B6365B2717BD7F3671D7705D6C32387127373E069B54C73D844D5566A2F6D5CDE38669F9BAA17A0531353C83983193DE4668C33D8BD8B578ABF24DC4E28795FB7B81A4C4980644F36CA0A6B65E89E2146CA0D4CB9666945E4729A155ECE17B8B305186C99189C14557AB69830F557E950BAFA6E53F97535B9F3068BE6A7608D76C8F49FE3D54A4F44CCAA4CEF7F2972A200669D7B383058EB304593D6A68C3155E15F09842873D9EF0B880C7133A54BCD954629CF20DA80849F9FE16456FA5182328445F457054002D53FB08A8C8110B92295AEC11843B6C911AAEC31DAFBCCAD601963D0E88F595B68056B7DA2371F7DC3C14D76C8FD55C75F3504DAB3D129F7BE3B1DA727266B45DD685073224628E66A64D783EC452EB0F3B7763354F3D8C8CA47B484117C52E7BCCE6B691876B5ADF8DF48B2F952182CFBFC8DD65AE9D358611EDEF68E6EEE60415699A0F2F54319ED5B85F2503D2E16B95F14E21561EACEB5CAB2161A2B2CBD13B3F1A7D74716550E1F4A4D2985CDF4310D94A2F0BC7C3C2577B4B92DF70D737BED60C91BF7C7A2A539548E852A26A9C5558661487982C18A42C25D2B8DA22A64306EBF29EB4A275E783D5C2986CB1FCC6E3A70C3D693AB2284304D4808DA5421D89A40F72E674F2656405E3D254B60AC64D1957C194FCD310056BC0F6A3604A0AEE832858275FBA154CC9ECC943EA18ADCEF04999BCD92EABD65DF5A4A4D9CA21BEC798F01285798A6DF546284C26F980C9EA5FF1228E0A4F590DF80A50B48684962FEAFCF3D3B373A976EAFDD4314D0909634D56D258CC244AEEA82545CD81D0F622D0F185BBA68AA85867780D511F18C96E3820E5BE798942F83AF7FF5DCCBCF0967F7F14269F78B729D3CD0BEFD4FB0F4F86CD8B468D8B70A3440118428DE63C71A34601B0A7C6B102A987B1F43692431807FF7E16BD80347806E91F12F0FA4757196ACA7CFA99875AE4D30B472AF19130AC5EFDCA053F4F913B1D72B14F9FBDA85500B676D1CC3419847B8D90EDDAC5A441CBCA5F498E67A5307B0F07823E417A8CA290BD9C0CDA3A904147845CEBD16D0B4E35153DC430468DC3FB3E9695D20507B47DD6050CAE0090DECEF57F82D8EB91B1E906D4DAFB7B2E4F8BBB2EE00DABB67DB51EE079B16B91C431CB222C7572E42A8843D63DD8EBCE072973385261C36135457F8DB78FF2057BFDF818250BE3949895C99D0309FBB04EA5D99FD58A9D77350790BE6B21C76F9186AB52B8471A56973007D78DEE9A96DF7463FFBA61757F32BA6E48170B3B5AD4B7B6B24C5B8A77BA6B77CA2B85B91F3E61A606E51755478988BCA269A596152C919B605A016FBA74F8C61A115D6190A92E4807ACABC4387CC590FA38DDFEA5BBF9B9FC7BAD05D256FF7457877433E968A53E7271CF91362304A503CB791C55920B52F7B0B1BD16EDBC6F0BDC6B21CEFBD8BA43718D7AD5CEFC33F7674859AC40A24D03913F234030103C733D6689D6B88A15248AAA2172BE15521032B77D99D2680D02CABA034848F12758BE83386343AE9227182ED16D46B719655B86C9532CFCF1983CD0685BBFA82012699EDD6E0BE737C616189911DB02BC45BF64511CD6745F6B92DE06883C82D9A5987359D23CD5BC79AB916E30B204DAB1AF0EBC1E60B28D1918B9452BF002FBD0F68DC02F700382B7EAC58419A45B1022DB679F23B04941427618CD7CF62BD3E13079FDE9FF784D933E8D570000, N'6.1.3-40302')
INSERT [dbo].[__MigrationHistory] ([MigrationId], [ContextKey], [Model], [ProductVersion]) VALUES (N'201706291644426_Initial1', N'WEEIAMap.Migrations.Configuration', 0x1F8B0800000000000400ED5CCD6EE33610BE17E83B083AB5456A27D94B1BD85D64BD4961743709E2EC367B0A188976D44A942B524182A24FD6431FA9AF504AB224FE4AA424DB09502CB04844F2E3707E38C32127FFFEFDCFE4ED53143A8F30C1418CA6EED1E8D07520F2623F40ABA99B92E5F73FB86F7FFAFAABC9991F3D399FCB7E6FB27E7424C253F78190F5C9788CBD0718013C8A022F8971BC24232F8EC6C08FC7C787873F8E8F8EC69042B814CB7126D729224104F35FE8AFB31879704D52107E8C7D18E2CD77DAB2C8519D0B1041BC061E9CBABF9E9DCD4F3F82F5A8E8EA3AA7610028190B182E5D07201413402891279F305C902446ABC59A7E00E1CDF31AD27E4B1062B821FEA4EE6EBA8EC3E36C1DE37A6009E5A598C49125E0D19B0D63C6E2F04EEC752BC651D69D511693E76CD539FBA6EEA9FF1BF4202257718088EB88339ECCC224EB2DB178C40D3C70CAE6834A1FA8DA64FF0E9C591A9234815304539280F0C0B94AEFC3C0FB053EDFC4BF4334456918B2445232691BF7817EBA4AE2354CC8F3355CAA489FFBAE33E641C6224A85A10328563A47E4CDB1EB5C50B2C07D082BED60B8B22071027F8608268040FF0A1002132ADCB90F73FE4AA408135FC7B1E9A4CD4017F0A923D005780C56F9627490AE730DC3BC077E08D6852DF152BF63FA9E2771741D872257EB2E778B384D3C4AC84DDCDCEF06242B48CC09AE98694030D3574770D5A585E0BA9F8AE0C9B8B6B446FBB3B6BBFDD95B673BDBB97D65FF97B3D1ED9EBA2DD7F9089E3E40B4220F5397FE48E51F3C41BFFCB2A1E0130AA897A3834892B6DADE558C838CD89B78DDCF884BA00F70497A2281042A38DD3C688E3F079400588D7A17537507C87AF6F701260079B0DF1A3EC45EAE037DB7466A1BC36D8A9CE963E54653EC0562C77A9751B54B5B8CB293ED865872504966D9782753283455F396C489ED25F1A67451892849A2DF15D4D45F254298265B1A0A0B691060D941145CF15D23B04D632F47504BCDDC179463F6E20E5843B5F508E6463E9C5398234CBBA504EEC43B9C87719C5CA4D1503B50C3CE6361D2A2FAEA4CBE9306E7F66DAEBCB9B6EE416F378EC156658DFCC92B0B61E61158414ADAC3D667BAEDE7CCBFECC08C5ADD90683C0A0F656237A718C75E90CFCE1225860EFC82CE90EF98C41185142B77462549AD285853BBA1944CDDC3D1E84862560B76E57D6B6C2169C0CFF19DC80666C1CD7C1037321D99DA5DADA6B0F6A63C7147AEB8415CA2F73084043AA75E91A19901EC015FD6292A4EDF942205CF4C789525C1E01266C14400C219554FBAF3D161F2A616202F5883B09921C2304B2F9E2DB99A486C790FD710655B593303FA53504D2408A38D4F166AC718BE4EBEAA5DA0166DEEF876A267AAA078372A2673C044B64A5F6BA558F28A7BCDBB0375E2CE11CD3BAD78A8B016A506D05437647760B14E5D2A5047616B5EB09B7F319A630F0CA9538D66C42AF28E833344CE590EC89022DAA1D643A8EDC0A44C0A0102EE0186D9772A0EC501E1136D2CCE0878134B8A8BC97017906872317594A56696C41B1E4E0B6336BCF45E2A843A086901A1DB956A7CEE5784A10CF3853548B927A66B538E4ADC230D43CD6A0D350BA5EDD630B264A0C43588BE915FBE016BA4C3B1CC95C6B0D328F06416C0E843033B74F1622B533B70803DD7C88BD7053F6DE10F4369A1BD0DAB55442DDB58289FC0D369BFCA31B7BBE62EDA2E38E36D2C597B1D27AFDEC85D5B396C63B3B572D1DB67137309D8C6268D13B772E343B04976DC7DD85466262A5F5D3FAD18176F2BCA371863CD238C0935E9758056CCA38CCD176751BCC8987DBFB07FAD101518630F2B1E2D54D456339138012B28B4D2A929A5E7418249197BB8CECC8FA46E6264A271D1E56CCAE043965FE9C2CB61D9CFC5D0C607148A53CD06E19CAE31CACE43794251A74CF278277B27034290B43D7A98C5611A21A327154DB8DC9B0616936B30C7E39E36B0785C838C37190B8C93CE809290A4F3372F7A23C5184021BA2A82A5022899DA454079869A934CFEC51C81BB41E7A9611AECF18A8B741560D16281585DA87368D5577324E6969D85623E9B63D517ED2C54FDD51C89CDBDB1584D39393DDA26EBC2026912317B33D33A3CEF63A9D5C1CEDE58F543772323E11694D345BEC91CB3BEEB64E1EAAF2F46FAF949A58FE0B313B9BDCC95A38630A2ED6DCDCCCD20A722F56773AC5B1EE3D666EC177EEC977D28131F472BDCBE947969F1F1527FABD02E3B24A85CBA265123B3CB322AB8D3C606F9554589D3914A6D527F0BC16B23BDF418E0E7318233C7D9F57275B56CCC10F1C4D55199CA04469B1295FD8CC241AD38F824452F65299086D5163E0DD35B97B7A4158D2BEFAD16DA248FE1D9921DD277A769C9DEF411500D36940AB524B05EC99ED3CA9781158C498F992A183364580593F25E7D14AC06DB8E8249A9BF57A260AD7C69573029A32876A962B42AB3286410279B6C5E7BAD9794DE2BBAB80E65C263E067A9BDC53326301A651D468B3FC25918E49EB2ECF011A060093129DE11BAC78747C742C5D8CBA9DE1A63EC878A6CA8B6848B97DC5E0BA9EA0DA1E91DA4E5534045ED543E4FFFCAA92E3082DD3040D23DF71CF9F069EAFE998F3C71E6B777DCE003E732A1BA79E21C3A7FB16498BCAE54B8083B4A24803ED428F6133B6A2400736A2CEBAE3A184B6723D9857114C7FC6202F40812EF0124DF44E0E95B5B192A8A9BBA99875CDAD40947286C12308CDE3A8B654EF7813D1D62895397B5C8B50FA676518FD419847D6594E9DCF9A05ED38AA724CBBD921BBD850D419D98DD4729CC56760665F54BAF2D42AC7069B705AB4A920E6218A2B2E3656FCB52C1462FB4DB3EDBD897FE721FA212A277CD83F05AB0FBA3CB4ECFAA7577BEC6718763F398BAEDC98166D6A6F3F20E1E54DB9685ECB310C4502707AEFBD865A587B9EEBC92C28E3D9572EC5653D41797DB28D830D78FD751A4314C515D9156DA91B077EB54EAF519CDD87A4BB403E9DB96AEFC1F69D82A857DA46174FDB373DD68AFE2F95F37B6AF1B46373783EB8670A5B1A1457E5D2CCAB4A15CA9BD5AA9B8CC98BAFE7D4CD5A03852B514C58833EA666A98C110B90EA625F0BA4985AFAD8A519542E92AA154C0AADA93DDD748C9CFF1CDDFF6EB0B045E6AF593B2DEA9BD1EA69D497B2B6E12CB99F6B4182E28ED59C064A9924C90BA85856DB54CE9655BE0564B8F5EC6D22DCA89E44B7EEA9F993FFB4A63051CAC6A88EC0103821EE799AB3E73B48CCB5841A0A8EC22667A21013E75DBA7090996C023B4D98318E77FF2E6330853DAE52CBA87FE1C5DA6649D12BA6418DD87DC1FEBC9028DA6F9F39A299EE6C9E53A777E432C819219D025C04BF42E0D42BFA2FB5C9176D5406411CC26B99DC9926449EED5738574112343A00DFBAAC0EB0646EB9082E14BB4008FB00B6D9F30FC0057C07B2EDF6AE841DA05C1B37DF23E00AB04447883518FA7BF521DF6A3A79FFE0301B5B7A9FD580000, N'6.1.3-40302')
